idApunteConcepto;idApunte;idAgenda;idProvee;idEmpresa;idUsuario;decla;importe;base;iva;porcentajeret;fecha;fecha2;nfactura;forma;detalles;descripcion;anulado;tipo;requivalencia;rfuente;retica;precio;descuento;unidades
830794;46167815;0;242753;24878;203131;0;-172.42;-165.79;4;0;"2025-06-17 12:55:46";2025-05-23;0000165150;2;"MATERIAL  CLINICA";"INSTRUMENTAL  CLINICA";0;2;0;0;0;-165.79;0;0
830806;46168594;0;242811;24878;203131;0;-38.72;-32;21;0;"2025-06-17 13:13:59";2025-05-27;25012940/0001;1;EXTINTOR;EXTINTOR;0;2;0;0;0;-32;0;0
830818;46169031;0;242812;24878;203131;0;-129.52;-107.04;21;0;"2025-06-17 13:23:01";2025-05-22;F01786892;2;"MATERIAL  CLINICA";"MATERIAL  CLINICA";0;2;0;0;0;-107.04;0;0
831031;46186811;0;242747;24878;203131;0;-45;-45;0;0;"2025-06-18 10:26:32";2025-06-11;;1;REBASE;REBASE;0;2;0;0;0;-45;0;0
831036;46186879;183051;242747;24878;203131;0;-45;-45;0;0;"2025-06-18 10:29:14";2025-06-13;;1;"REBASE NHC47";"REBASE NHC47";0;2;0;0;0;-45;0;0
831039;46186994;0;242747;24878;203131;0;-45;-45;0;0;"2025-06-18 10:32:31";2025-06-16;;1;"REBASE NHC57";"REBASE NHC57";0;2;0;0;0;-45;0;0
831040;46187055;183051;242747;24878;203131;0;-45;-45;0;0;"2025-06-18 10:34:32";2025-06-18;;1;"REBASE NHC57";"REBASE NHC57";0;2;0;0;0;-45;0;0
831645;46241050;183051;242747;24878;203131;0;-90;-90;0;0;"2025-06-20 19:30:30";2025-06-20;;3;"nhc 47";"nhc 47";0;2;0;0;0;-90;0;0
831646;46241069;183051;242747;24878;203131;0;-90;-90;0;0;"2025-06-20 19:31:46";2025-06-20;;3;"nhc 57";"nhc 57";0;2;0;0;0;-90;0;0
832457;46306761;0;242747;24878;203131;0;-55;-55;0;0;"2025-06-26 10:48:26";2025-06-26;;3;"REBASE Y COMPOSTURA";"REBASE Y COMPOSTURA";0;2;0;0;0;-55;0;0
832458;46306791;183051;242747;24878;203131;0;-55;-55;0;0;"2025-06-26 10:49:46";2025-06-26;;3;"REBASE Y COMPOSTURA ";"REBASE Y COMPOSTURA ";0;2;0;0;0;-55;0;0
832459;46306821;0;242747;24878;203131;0;-55;-55;0;0;"2025-06-26 10:50:49";2025-06-26;;3;"REBASE Y COMPOSTURA";"REBASE Y COMPOSTURA";0;2;0;0;0;-55;0;0
832855;46331970;0;242747;24878;203131;0;-45;-45;0;0;"2025-06-27 11:18:13";2025-06-26;;3;rebase;rebase;0;2;0;0;0;-45;0;0
832856;46332003;183051;242747;24878;203131;0;-45;-45;0;0;"2025-06-27 11:19:04";2025-06-26;;3;rebase;rebase;0;2;0;0;0;-45;0;0
833596;46378158;183051;242747;24878;203131;0;-650;-650;0;0;"2025-07-01 09:56:33";2025-06-27;;3;"CARGA INMEDIATA";"CARGA INMEDIATA";0;2;0;0;0;-650;0;0
833616;46379127;183051;242747;24878;203131;0;-90;-90;0;0;"2025-07-01 10:22:23";2025-06-20;;3;rebases;rebases;0;2;0;0;0;-90;0;0
833618;46379164;183051;242747;24878;203131;0;-90;-90;0;0;"2025-07-01 10:23:23";2025-06-20;;3;REBASES;REBASES;0;2;0;0;0;-90;0;0
833621;46379247;183051;242747;24878;203131;0;-110;-110;0;0;"2025-07-01 10:25:41";2025-06-26;;3;"REBASE Y COMPOSTURA";"REBASE Y COMPOSTURA";0;2;0;0;0;-110;0;0
833622;46379338;183051;242747;24878;203131;0;-90;-90;0;0;"2025-07-01 10:26:59";2025-06-26;;3;REBASES;REBASES;0;2;0;0;0;-90;0;0
833624;46379390;183051;242747;24878;203131;0;-650;-650;0;0;"2025-07-01 10:28:16";2025-07-01;;3;"CARGA INMEDIATA";"CARGA INMEDIATA";0;2;0;0;0;-650;0;0
833740;46387322;183051;242747;24878;203131;0;-650;-650;0;0;"2025-07-01 13:28:33";2025-06-27;;3;"CARGA INMEDIATA";"CARGA INMEDIATA";0;2;0;0;0;-650;0;0
833967;46405806;0;242747;24878;203131;0;-90;-90;0;0;"2025-07-02 10:13:10";2025-06-13;;3;REBASE;REBASE;0;2;0;0;0;-90;0;0
833969;46405831;0;242747;24878;203131;0;-90;-90;0;0;"2025-07-02 10:14:12";2025-06-17;;3;REBASES;REBASES;0;2;0;0;0;-90;0;0
833971;46405878;0;242747;24878;203131;0;-110;-110;0;0;"2025-07-02 10:15:59";2025-06-25;;3;"REBASE Y COMPOSTURAS";"REBASE Y COMPOSTURAS";0;2;0;0;0;-110;0;0
833975;46405922;0;242747;24878;203131;0;-90;-90;0;0;"2025-07-02 10:17:31";2025-06-26;;3;REBASES;REBASES;0;2;0;0;0;-90;0;0
833977;46406563;0;242747;24878;203131;0;-650;-650;0;0;"2025-07-02 10:18:57";2025-06-27;;3;"PROVISIONAL INMEDIATA";"PROVISIONAL INMEDIATA";0;2;0;0;0;-650;0;0
834000;46408076;0;242747;24878;203131;0;-45;-45;0;0;"2025-07-02 11:01:53";2025-07-02;;3;REBASE;REBASE;0;2;0;0;0;-45;0;0
834887;46461738;0;242747;24878;203131;0;-320;-320;0;0;"2025-07-04 11:11:50";2025-07-04;;3;"DEFLEX DE 4 O  MAS PIEZAS";"DEFLEX DE 4 O  MAS PIEZAS";0;2;0;0;0;-320;0;0
838755;46726288;0;242747;24878;203131;0;-100;-100;0;0;"2025-07-22 12:30:20";2025-07-22;;3;"incrusta NHC 81";incrusta;0;2;0;0;0;-100;0;0
845338;47221326;0;242747;24878;203131;0;-35;-35;0;0;"2025-09-05 16:10:32";2025-09-05;;3;"COMPOSTURA NHC 132";"COMPOSTURA NHC 132";0;2;0;0;0;-35;0;0
845856;47270490;0;242747;24878;203131;0;-45;-45;0;0;"2025-09-10 11:29:04";2025-09-10;;3;"compostura apto nhc 123";"compostura apto nhc 123";0;2;0;0;0;-45;0;0
847513;47416029;0;242747;24878;203131;0;-70;-70;0;0;"2025-09-19 10:47:07";2025-09-19;;3;"CORONA CIRCONIO NHC 65";"CORONA CIRCONIO NHC 65";0;2;0;0;0;-70;0;0
849352;47559083;0;242747;24878;203131;0;-140;-140;0;0;"2025-09-30 10:31:35";2025-09-30;;3;"protesis completa nhc 91";"protesis completa nhc 91";0;2;0;0;0;-140;0;0
851069;47664350;0;242747;24878;203131;0;-100;-100;0;0;"2025-10-06 11:09:16";2025-10-06;;3;"incrusta nhc  112";"incrusta nhc  112";0;2;0;0;0;-100;0;0
851235;47669899;0;242747;24878;203131;0;-140;-140;0;0;"2025-10-06 13:43:26";2025-09-17;;3;"Protesis completa sup nhc 46";"Protesis completa sup nhc 46";0;2;0;0;0;-140;0;0
851591;47689732;0;242747;24878;203131;0;-45;-45;0;0;"2025-10-07 11:28:48";2025-10-07;;3;"REBASE NHC  161";"REBASE NHC  161";0;2;0;0;0;-45;0;0
851592;47689792;0;242747;24878;203131;0;-290;-290;0;0;"2025-10-07 11:30:59";2025-10-07;;3;"DEFLEX + 6PIEZAS SUP NHC 105";"DEFLEX + 6PIEZAS SUP NHC 105";0;2;0;0;0;-290;0;0
852297;47742877;0;242747;24878;203131;0;-100;-100;0;0;"2025-10-09 13:05:28";2025-10-09;;3;"INCRUSTA NHC 154";"INCRUSTA NHC 154";0;2;0;0;0;-100;0;0
852877;47778157;0;242747;24878;203131;0;-30;-30;0;0;"2025-10-13 12:30:33";2025-10-13;;3;"2 coronas provis resina nhc165";"2 coronas provis resina nhc165";0;2;0;0;0;-30;0;0
853061;47787371;0;242747;24878;203131;0;-300;-300;0;0;"2025-10-13 18:56:09";2025-10-13;;3;" 3 INCRUSTAS  COMPOSITE NHC 75";" 3 INCRUSTAS  COMPOSITE NHC 75";0;2;0;0;0;-300;0;0
853710;47844223;0;242747;24878;203131;0;-180;-180;0;0;"2025-10-16 13:33:45";2025-10-16;;3;"ESQUELETICO  + 6PIEZAS NHC 161";"ESQUELETICO  + 6PIEZAS NHC 161";0;2;0;0;0;-180;0;0
854213;47882795;0;242747;24878;203131;0;-100;-100;0;0;"2025-10-20 13:43:00";2025-10-20;;3;"corona circonio monolitica nhc 81";"corona circonio monolitica nhc 81";0;2;0;0;0;-100;0;0
854214;47882877;0;242747;24878;203131;0;-100;-100;0;0;"2025-10-20 13:44:15";2025-10-20;;3;"Incrusta compo nhc 178";"Incrusta compo nhc 178";0;2;0;0;0;-100;0;0
856975;48141853;0;242747;24878;203131;0;-70;-70;0;0;"2025-11-04 16:51:43";2025-11-04;;3;"CORONA MONOLITICA NHC 162";"CORONA MONOLITICA NHC 162";0;2;0;0;0;-70;0;0
864147;48782108;0;242747;24878;198133;0;-70;-70;0;0;"2025-12-11 19:47:18";2025-11-04;;3;"circonio glasear nhc162";"circonio glasear nhc162";0;2;0;0;0;-70;0;0
864150;48782145;0;242747;24878;198133;0;-140;-140;0;0;"2025-12-11 19:48:57";2025-12-03;;3;"completa inf nhc 255";"completa inf nhc 255";0;2;0;0;0;-140;0;0
864290;48795698;0;242747;24878;203131;0;-95;-95;0;0;"2025-12-12 16:07:39";2025-11-21;;1;"parcial resina 1 a 3 pzs nhc 214";"parcial resina 1 a 3 pzs nhc 214";0;2;0;0;0;-95;0;0
865094;48872231;0;242747;24878;203131;0;-45;-45;0;0;"2025-12-17 18:57:00";2025-12-17;;3;"ATACHE TEFLON+ COLOCACION NHC 212";"ATACHE TEFLON+ COLOCACION NHC 212";0;2;0;0;0;-45;0;0
865466;48914587;0;248799;24878;203131;0;-605.9;-605.9;0;0;"2025-12-19 17:54:17";2025-12-19;;3;"2 puentes 3 piezas zirconio";"2 puentes 3 piezas zirconio";0;2;0;0;0;-605.9;0;0
869203;49149189;0;248799;24878;203131;0;-88.2;-88.2;0;0;"2026-01-12 17:35:35";2026-01-12;;3;"6 PROVISIONALES NHC 4";"6 PROVISIONALES NHC 4";0;2;0;0;0;-88.2;0;0
869206;49149297;0;248799;24878;203131;0;-73.5;-73.5;0;0;"2026-01-12 17:37:14";2025-12-03;;3;"COMPOSTURA + REBASE NHC 252";"COMPOSTURA + REBASE NHC 252";0;2;0;0;0;-73.5;0;0
869207;49149448;0;248799;24878;203131;0;-88.2;-88.2;0;0;"2026-01-12 17:40:42";2025-12-03;;3;"6 PROVISIONALES NHC 4";"6 PROVISIONALES NHC 4";0;2;0;0;0;-88.2;0;0
870152;49228196;0;242747;24878;203131;0;-45;-45;0;0;"2026-01-15 16:43:00";2026-01-15;;3;"REBASE PROTESIS NHC 319";"REBASE PROTESIS NHC 319";0;2;0;0;0;-45;0;0
870891;49283656;0;238911;24878;198133;0;-200;-200;0;0;"2026-01-20 09:51:53";2026-01-20;;1;"RETIRADA DR KEVIN";"RETIRADA DR KEVIN";0;2;0;0;0;-200;0;0
870892;49283692;0;238911;24878;198133;0;-50;-50;0;0;"2026-01-20 09:54:22";2026-01-20;;1;"RETIRADA DR KEVIN";"RETIRADA DR KEVIN";0;2;0;0;0;-50;0;0
872101;49408797;0;238911;24878;198133;0;-1.85;-1.85;0;0;"2026-01-27 12:36:56";2026-01-27;;1;"INSTRUMENTAL  CLINICA";"INSTRUMENTAL  CLINICA";0;2;0;0;0;-1.85;0;0
872112;49409891;0;238911;24878;198133;0;-142;-142;0;0;"2026-01-27 13:03:44";2026-01-27;;1;"COMISION CLAUDIA";"COMISION CLAUDIA";0;2;0;0;0;-142;0;0
872117;49410429;0;238911;24878;198133;0;-450;-450;0;0;"2026-01-27 13:16:12";2026-01-27;;1;"SALIDA DE EFECTIVO";"SALIDA DE EFECTIVO";0;2;0;0;0;-450;0;0
873440;49522617;0;238911;24878;198133;0;-1400;-1400;0;0;"2026-02-02 17:45:00";2026-02-02;;1;"SALIDA DE EFECTIVO KEVIN";"SALIDA DE EFECTIVO KEVIN";0;2;0;0;0;-1400;0;0
874117;49576640;0;238911;24878;198133;0;-37.31;-37.31;0;0;"2026-02-04 16:42:23";2026-02-04;;2;"Gasto material clinica. Casalandia.";"Gasto material clinica. Casalandia.";0;2;0;0;0;-37.31;0;0
874362;49601721;0;238911;24878;198133;0;-11.69;-11.69;0;0;"2026-02-05 16:22:25";2026-02-05;;1;"GASTOS MATERIAL  CLINICA, CASALANDIA";"GASTOS MATERIAL  CLINICA, CASALANDIA";0;2;0;0;0;-11.69;0;0
874706;49627290;0;238911;24878;198133;0;-170;-170;0;0;"2026-02-06 16:36:06";2026-02-06;;1;"GASTO LIMPIEZA";"GASTO LIMPIEZA";0;2;0;0;0;-170;0;0
875162;49658163;0;238911;24878;198133;0;-85;-85;0;0;"2026-02-09 19:54:04";2026-02-09;;1;"COLABORACIÓN ENDO";"COLABORACIÓN ENDO";0;2;0;0;0;-85;0;0
875444;49685433;0;238911;24878;198133;0;-900;-900;0;0;"2026-02-10 20:40:11";2026-02-10;;1;"RETIRADA KEVIN GASTOS";"RETIRADA KEVIN GASTOS";0;2;0;0;0;-900;0;0
876000;49746194;0;238911;24878;198133;0;-21.07;-21.07;0;0;"2026-02-13 17:04:50";2026-02-13;;2;"GASTO FARMACIA CLINICA";"GASTO FARMACIA CLINICA";0;2;0;0;0;-21.07;0;0
876016;49749626;0;238911;24878;198133;0;-800;-800;0;0;"2026-02-13 19:19:13";2026-02-13;;1;"RETIRADA EFECTIVO KEVIN";"RETIRADA EFECTIVO KEVIN";0;2;0;0;0;-800;0;0
876376;49774059;0;238911;24878;198133;0;-400;-400;0;0;"2026-02-16 20:15:23";2026-02-16;;1;"RETIRADA KEVIN EFECTIVO";"RETIRADA KEVIN EFECTIVO";0;2;0;0;0;-400;0;0
876595;49796511;0;238911;24878;198133;0;-500;-500;0;0;"2026-02-17 20:25:14";2026-02-17;;1;"RETIRADA EFECTIVO KEVIN";"RETIRADA EFECTIVO KEVIN";0;2;0;0;0;-500;0;0
877375;49887345;0;238911;24878;198133;0;-400;-400;0;0;"2026-02-23 20:38:58";2026-02-23;;1;"RETIRADA EFECTIVO KEVIN";"RETIRADA EFECTIVO KEVIN";0;2;0;0;0;-400;0;0
877945;49955718;0;238911;24878;198133;0;-16;-16;0;0;"2026-02-26 16:55:07";2026-02-26;;1;"Reseñas google Alison";"Reseñas google Alison";0;2;0;0;0;-16;0;0
877946;49955744;0;238911;24878;198133;0;-16;-16;0;0;"2026-02-26 16:55:46";2026-02-26;;1;"Reseñas google Claudia";"Reseñas google Claudia";0;2;0;0;0;-16;0;0
878016;49964690;0;238911;24878;198133;0;-600;-600;0;0;"2026-02-26 19:48:17";2026-02-26;;1;"RETIRADA EFECTIVO KEVIN";"RETIRADA EFECTIVO KEVIN";0;2;0;0;0;-600;0;0
878639;50022105;0;238911;24878;198133;0;-800;-800;0;0;"2026-03-02 19:48:36";2026-03-02;;1;"RETIRO EFECTIVO KEVIN";"RETIRO EFECTIVO KEVIN";0;2;0;0;0;-800;0;0
879102;50054810;0;238911;24878;198133;0;-220;-220;0;0;"2026-03-03 20:39:32";2026-03-03;;1;"LIMPIEZA SABY";"LIMPIEZA SABY";0;2;0;0;0;-220;0;0
879614;50114262;0;238911;24878;198133;0;-500;-500;0;0;"2026-03-05 20:23:48";2026-03-05;;1;"RETIRADA EFECTIVO KEVIN";"RETIRADA EFECTIVO KEVIN";0;2;0;0;0;-500;0;0
879857;50134004;0;238911;24878;198133;0;-300;-300;0;0;"2026-03-06 19:15:58";2026-03-06;;1;"RETIRADA KEVIN EFECTIVO";"RETIRADA KEVIN EFECTIVO";0;2;0;0;0;-300;0;0
880237;50160143;0;238911;24878;198133;0;-550;-550;0;0;"2026-03-09 19:49:58";2026-03-09;;1;"COLABORACIÓN ENDODONCIA";"RETIRADA EFECTIVO KEVIN";0;2;0;0;0;-550;0;0
880545;50192140;0;238911;24878;198133;0;-1;-1;0;0;"2026-03-10 20:42:00";2026-03-10;;1;"RETIRADA EFECTIVO KEVIN";"RETIRADA EFECTIVO KEVIN";0;2;0;0;0;-1;0;0
880546;50192149;0;238911;24878;198133;0;-999;-999;0;0;"2026-03-10 20:42:37";2026-03-10;;1;"RETIRADA KEVIN EFECTIVO";"RETIRADA KEVIN EFECTIVO";0;2;0;0;0;-999;0;0
881588;50285420;0;238911;24878;198133;0;-400;-400;0;0;"2026-03-16 20:01:46";2026-03-16;;1;"RETIRADA EFECTIVO KEVIN";"RETIRADA EFECTIVO KEVIN";0;2;0;0;0;-400;0;0
881861;50311005;0;238911;24878;198133;0;-420;-420;0;0;"2026-03-17 20:48:15";2026-03-17;;1;"RETIRADA EFECTIVO KEVIN";"RETIRADA EFECTIVO KEVIN";0;2;0;0;0;-420;0;0
882738;50388569;0;238911;24878;198133;0;-250;-250;0;0;"2026-03-23 17:25:26";2026-03-23;;1;"COLABORACIÓN EVA";"COLABORACIÓN EVA";0;2;0;0;0;-250;0;0
882791;50396012;0;238911;24878;198133;0;-350;-350;0;0;"2026-03-23 20:05:26";2026-03-23;;1;"RETIRADA EFECTIVO KEVIN";"RETIRADA EFECTIVO KEVIN";0;2;0;0;0;-350;0;0
883519;50473671;0;238911;24878;198133;0;-300;-300;0;0;"2026-03-26 20:12:46";2026-03-26;;1;"RETIRO EFECTIVO CAJA";"RETIRO EFECTIVO CAJA";0;2;0;0;0;-300;0;0
883675;50487324;0;238911;24878;198133;0;-7.83;-7.83;0;0;"2026-03-27 15:25:23";2026-03-27;;2;"GASTOS VARIOS";"GASTOS VARIOS";0;2;0;0;0;-7.83;0;0
883677;50487717;0;238911;24878;198133;0;-4.7;-4.7;0;0;"2026-03-27 15:43:58";2026-03-27;;2;"GASTO CLINICA";"GASTO CLINICA";0;2;0;0;0;-4.7;0;0
883678;50488369;0;238911;24878;198133;0;-17.97;-17.97;0;0;"2026-03-27 16:11:04";2026-03-27;;1;"GASTO CLINICA";"GASTO CLINICA";0;2;0;0;0;-17.97;0;0
883735;50491968;0;238911;24878;198133;0;-17.97;-17.97;0;0;"2026-03-27 18:19:20";2026-03-27;;2;"GASTO CLINICA MATERIAL ";"GASTO CLINICA MATERIAL ";0;2;0;0;0;-17.97;0;0
887222;50709609;0;238911;24878;198133;0;-410;-410;0;0;"2026-04-10 20:39:39";2026-04-10;;1;"RETIRO EFECTIVO CAJA";"RETIRO EFECTIVO CAJA";0;2;0;0;0;-410;0;0
887631;50736582;0;238911;24878;198133;0;-700;-700;0;0;"2026-04-13 20:34:03";2026-04-13;;1;"RETIRO EFECTIVO CAJA";"RETIRO EFECTIVO CAJA";0;2;0;0;0;-700;0;0
888475;50814628;0;238911;24878;198133;0;-850;-850;0;0;"2026-04-16 20:17:50";2026-04-16;;1;"RETIRO EFECTIVO CAJA";"RETIRO EFECTIVO CAJA";0;2;0;0;0;-850;0;0
