idCita;idSala
128205543;14841
128228624;14841
128247967;14841
128248552;14841
128250712;14841
128264786;14841
128264900;14840
128278717;14841
128297200;14841
128306531;14840
128309834;14840
128359772;14841
128363955;14841
128378385;14841
128381361;14840
128382727;14841
128391596;14840
128411386;14841
128426218;14840
128454739;14841
128472118;14841
128472696;14840
128473904;14840
128474304;14841
128474706;14840
128520137;14841
128531669;14841
128540017;14841
128541583;14841
128545737;14841
128626208;14841
128656430;14841
128657477;14841
128657692;14840
128658400;14841
128660718;14840
128665743;14841
128698789;14840
128717008;14841
128717393;14840
128721094;14841
128722123;14841
128722548;14840
128724641;14840
128724899;14841
128725659;14841
128738341;14840
128741572;14841
128746804;14841
128756464;14841
128775053;14841
128778465;14841
128782722;14841
128794100;14840
128819666;14841
128822332;14841
128835472;14841
128840008;14841
128846044;14840
128849082;14840
128849119;14840
128853551;14840
128866041;14841
128877334;14841
128897095;14841
128916502;14841
128943430;14841
128943819;14841
128946028;14840
128953491;14840
128986812;14841
128987997;14841
129083365;14841
129109020;14840
129111781;14840
129114471;14840
129139539;14841
129148220;14841
129158337;14841
129182492;14841
129196546;14841
129203052;14841
129213018;14840
129213507;14841
129234655;14840
129268819;14841
129268891;14841
129285021;14840
129313289;14840
129329487;14841
129345629;14841
129386148;14840
129424048;14840
129460963;14840
129463538;14840
129483175;14841
129483484;14841
129483747;14841
129489769;14841
129494183;14841
129530566;14840
129530632;14841
129640490;14841
129645872;14840
129646947;14841
129650704;14841
129652449;14841
129654448;14840
129656491;14840
129666303;14841
129670265;14840
129672250;14841
129678570;14841
129693061;14841
129707825;14840
129772409;14840
129781496;14840
129790933;14841
129805121;14840
129820021;14841
129822615;14841
129823565;14841
129836178;14840
129839702;14841
129842574;14841
129851188;14841
129857676;14841
129859760;14840
129860656;14841
129892955;14841
129893224;14841
129906431;14841
129913649;14841
129948252;14840
129953541;14841
129989823;14841
129996670;14840
130036338;14840
130054472;14840
130111504;14840
130112743;14841
130126616;14841
130151408;14841
130151750;14840
130207661;14840
130220641;14841
130242281;14841
130247167;14840
130252177;14841
130276431;14841
130279629;14841
130280262;14841
130280528;14841
130290473;14841
130325999;14840
130341090;14841
130383540;14840
130436819;14840
130444199;14840
130503612;14840
130505018;14841
130544079;14841
130563994;14841
130578299;14841
130603687;14840
130604685;14840
130605009;14840
130608899;14840
130611284;14841
130612793;14840
130688647;14840
130695384;14841
130701415;14840
130746418;14841
130759130;14841
130767152;14840
130846099;14841
130899668;14841
131038320;14841
131038734;14841
131038844;14841
131039563;14841
131136124;14840
131228867;14841
131232557;14841
131235213;14840
131235413;14841
131235563;14840
131245558;14841
131245858;14841
131296345;14840
131296418;14840
131296511;14840
131310818;14840
131314647;14840
131319461;14841
131368766;14841
131401071;14840
131417013;14841
131419670;14841
131422491;14841
131422664;14841
131472682;14840
131475920;14840
131483078;14841
131486600;14840
131494858;14841
131506618;14840
131508223;14841
131560574;14841
131560696;14841
131563965;14840
131565009;14840
131589700;14841
131593551;14841
131627841;14841
131629729;14840
131632195;14840
131634930;14841
131659109;14841
131663254;14841
131664910;14841
131678914;14840
131721295;14840
131751973;14841
131754864;14841
131766707;14841
131798720;14841
131800680;14841
131803934;14840
131807314;14841
131839695;14840
131840790;14840
131852809;14840
131853691;14841
131855978;14841
131863632;14840
131886073;14841
131889242;14840
131904384;14841
131908203;14841
131908319;14841
131908606;14841
131959791;14841
132027889;14841
132028114;14841
132032255;14841
132034387;14841
132034692;14841
132035348;14841
132035757;14840
132049944;14841
132058967;14840
132061878;14841
132069779;14841
132069923;14841
132163531;14840
132173767;14841
132189124;14840
132222709;14840
132225394;14841
132233403;14840
132242690;14840
132249419;14840
132250515;14841
132252055;14841
132272268;14841
132295792;14840
132298062;14841
132302705;14841
132307699;14841
132337651;14840
132375945;14840
132394359;14840
132396147;14840
132435804;14840
132437075;14841
132439822;14840
132452553;14840
132453405;14841
132454265;14841
132458178;14840
132473543;14840
132475902;14841
132477915;14841
132495182;14841
132496185;14841
132513172;14841
132519841;14841
132521964;14841
132525321;14841
132528986;14841
132535918;14841
132553823;14841
132562562;14841
132564208;14840
132565961;14841
132615203;14840
132627412;14840
132629510;14841
132629723;14840
132634761;14841
132634996;14841
132724443;14841
132732331;14840
132732863;14841
132746037;14840
132752091;14841
132752222;14841
132762130;14840
132772681;14841
132812945;14841
132890995;14841
132901215;14841
132902720;14840
132905457;14841
132905763;14840
132907625;14841
132914550;14840
132916896;14841
132917711;14841
132924569;14841
132933031;14841
132944448;14841
132953680;14841
132963548;14841
133025499;14840
133026827;14840
133034870;14840
133035358;14841
133036359;14840
133046806;14840
133047268;14841
133057191;14841
133059128;14841
133082472;14841
133127987;14841
133136962;14841
133145621;14841
133154130;14841
133160036;14840
133167079;14840
133178769;14841
133181126;14841
133196661;14840
133205147;14841
133213581;14841
133229170;14841
133229241;14840
133230051;14841
133300914;14840
133314692;14841
133318203;14841
133318774;14841
133320163;14841
133320949;14841
133323519;14841
133328015;14840
133331748;14840
133335045;14841
133335168;14841
133338152;14841
133343679;14840
133351951;14841
133369231;14840
133370986;14841
133372851;14841
133390951;14841
133400976;14841
133401092;14841
133408843;14840
133411431;14841
133418920;14840
133428337;14840
133444879;14840
133470841;14841
133478014;14840
133587592;14841
133601778;14841
133605565;14840
133613112;14841
133645387;14840
133679531;14841
133696128;14841
133699002;14840
133701506;14840
133704591;14840
133706789;14840
133709584;14841
133711572;14841
133713732;14841
133741102;14841
133756875;14841
133758715;14841
133761065;14841
133766724;14841
133776441;14841
133783434;14841
133783587;14841
133783984;14841
133825565;14841
133859280;14841
133860020;14841
133868511;14841
133879809;14840
133887146;14840
133894351;14840
133894593;14841
133895899;14840
133896057;14841
133905859;14841
133906102;14840
133934175;14841
133951836;14841
133989125;14841
133989342;14841
133990255;14840
133996304;14840
134019584;14841
134019763;14841
134024689;14840
134027896;14840
134031061;14841
134042457;14841
134049558;14840
134051074;14841
134067911;14840
134071391;14841
134073100;14841
134128809;14840
134152718;14841
134167060;14841
134167378;14840
134168106;14840
134171225;14840
134175690;14840
134193660;14841
134196064;14841
134202765;14840
134218981;14841
134220603;14841
134227714;14841
134228165;14841
134228933;14841
134228992;14840
134229274;14841
134265600;14841
134266012;14841
134273359;14841
134286965;14840
134292095;14841
134302911;14840
134306445;14840
134317145;14841
134323226;14840
134337584;14840
134342849;14841
134346655;14840
134348286;14840
134348351;14840
134356427;14841
134358551;14841
134370309;14841
134370433;14841
134374875;14840
134374906;14841
134429693;14840
134447331;14841
134475328;14841
134475940;14840
134478107;14841
134484780;14841
134484940;14841
134487332;14840
134488374;14840
134491706;14840
134495583;14840
134499557;14840
134518665;14841
134525578;14841
134527670;14841
134528137;14840
134531683;14840
134539683;14841
134539779;14841
134550261;14841
134558933;14841
134562897;14841
134565079;14840
134569311;14841
134587055;14841
134590268;14840
134591789;14841
134592637;14841
134594454;14841
134597323;14841
134598087;14841
134599307;14840
134601142;14841
134617036;14841
134640233;14841
134643059;14840
134643236;14840
134646471;14841
134646603;14840
134657784;14841
134662945;14841
134738375;14841
134738698;14841
134742410;14841
134761730;14841
134779831;14841
134783944;14841
134793041;14841
134802821;14841
134827836;14841
134828403;14841
134830966;14841
134878661;14840
134884892;14840
134885879;14840
134888414;14840
134890439;14840
134893838;14840
134897270;14841
134901052;14840
134903128;14840
134908614;14841
134926442;14840
134927715;14840
134932485;14840
134949153;14841
134959744;14841
134960050;14841
134961099;14841
134971062;14841
134971877;14840
134972397;14841
135005119;14841
135007197;14840
135009737;14841
135010193;14840
135012141;14840
135016547;14841
135018781;14840
135022370;14840
135028403;14841
135066715;14841
135067550;14840
135071010;14841
135076145;14841
135078180;14841
135083066;14840
135083726;14841
135129611;14841
135132631;14841
135184468;14841
135185313;14841
135187166;14840
135188023;14841
135190997;14840
135194461;14841
135204481;14840
135204607;14841
135206640;14840
135210467;14841
135212599;14840
135248871;14841
135250808;14841
135264263;14841
135270855;14841
135275443;14840
135315533;14841
135338849;14841
135374402;14841
135376925;14841
135378958;14841
135379459;14841
135380890;14841
135383192;14841
135388614;14841
135389784;14841
135390845;14841
135393408;14841
135430919;14841
135434316;14841
135441404;14840
135441473;14840
135442207;14840
135443050;14841
135494648;14841
135495566;14841
135497719;14840
135498453;14840
135499707;14841
135501731;14840
135502531;14841
135512263;14841
135512772;14841
135514865;14841
135520135;14840
135520266;14840
135564721;14841
135565125;14841
135568441;14840
135569239;14841
135576450;14840
135578468;14841
135585353;14841
135586046;14841
135610418;14840
135624150;14841
135680094;14841
135682128;14841
135682321;14841
135682414;14841
135685271;14840
135686835;14840
135690649;14841
135692300;14840
135693838;14841
135694938;14841
135695249;14841
135698316;14841
135704622;14841
135704665;14841
135704767;14840
135704825;14841
135706224;14841
135791476;14841
135798156;14841
135803701;14841
135807038;14841
135807852;14841
135813809;14841
135825591;14841
135846418;14841
135867574;14840
135877988;14840
135878204;14840
135879459;14840
135881189;14840
135907962;14841
135922318;14841
135928980;14841
135930552;14840
135936421;14841
135940022;14841
135940673;14841
135956430;14841
135983760;14840
135986266;14841
135988313;14841
135989747;14841
136001055;14840
136005300;14841
136011244;14840
136036667;14841
136043542;14840
136043670;14840
136046293;14841
136048262;14841
136053092;14841
136089152;14841
136089414;14841
136098003;14841
136102960;14840
136103120;14841
136114886;14840
136160750;14840
136219114;14841
136219282;14841
136220359;14841
136221319;14841
136226033;14841
136226680;14841
136227284;14841
136233738;14841
136238116;14841
136239126;14841
136241310;14841
136241745;14841
136242349;14840
136279535;14841
136287815;14841
136301682;14841
136305736;14841
136330616;14840
136338851;14841
136345915;14841
136347686;14841
136348190;14841
136348771;14841
136401030;14841
136405364;14840
136445219;14840
136501678;14841
136508264;14841
136509933;14841
136516202;14841
136517045;14841
136646461;14841
136664760;14841
136721897;14841
136723785;14841
136731443;14841
136752905;14840
136757725;14841
136768716;14841
136769004;14841
136769396;14841
136769599;14841
136773011;14841
136781754;14841
136783134;14841
136804527;14841
136820924;14841
136821034;14840
136821104;14840
136821159;14841
136828920;14840
136834448;14841
136835118;14840
136882938;14840
136907906;14841
136913597;14840
136920418;14841
136921058;14841
136921687;14841
136925053;14841
136932003;14841
136939805;14841
136943905;14841
136944843;14840
136964085;14841
136970958;14841
136973825;14841
136974935;14841
136992543;14841
136998868;14841
137001002;14840
137012109;14841
137034959;14840
137039954;14841
137042215;14840
137056283;14840
137081478;14841
137085333;14841
137085530;14841
137086705;14841
137090470;14840
137095006;14841
137098322;14841
137103450;14840
137103634;14841
137103674;14841
137106329;14841
137107691;14841
137107950;14841
137115639;14840
137116021;14840
137116908;14841
137117022;14841
137118922;14840
137119097;14841
137121173;14841
137121895;14841
137131098;14840
137141437;14841
137147397;14841
137155357;14841
137157167;14841
137171540;14841
137171628;14841
137180352;14840
137183676;14841
137200284;14841
137203836;14841
137207895;14841
137215805;14841
137219276;14841
137219572;14841
137220072;14840
137226883;14841
137227445;14841
137230989;14840
137252734;14840
137256557;14841
137264496;14841
137271111;14841
137298596;14841
137306160;14841
137309235;14841
137309534;14840
137316362;14840
137328366;14840
137336679;14840
137342998;14841
137348126;14841
137356773;14840
137364346;14841
137381471;14841
137391348;14841
137405662;14841
137413760;14841
137419406;14841
137433689;14841
137433755;14840
137439659;14840
137444943;14841
137445445;14841
137457446;14841
137458539;14840
137475863;14840
137476388;14841
137493466;14841
137493619;14841
137494124;14841
137494164;14841
137498744;14841
137498956;14841
137504903;14841
137506977;14840
137528951;14841
137535498;14840
137535623;14841
137543260;14841
137554270;14840
137556155;14840
137562165;14841
137574444;14841
137579451;14841
137580797;14840
137583808;14840
137592360;14841
137603004;14841
137614197;14841
137676779;14841
137677568;14841
137677897;14841
137680087;14841
137683012;14840
137685443;14840
137688816;14840
137695953;14840
137703166;14840
137703676;14841
137759614;14840
137761290;14841
137774335;14840
137776118;14840
137777524;14841
137778489;14841
137796489;14841
137804165;14841
137813320;14841
137813645;14841
137815103;14841
137818807;14841
137857149;14840
137877844;14840
137880819;14841
137888803;14841
137893837;14841
137898608;14841
137900081;14841
137906780;14841
137909260;14841
137911998;14840
137914764;14841
137916404;14840
137921271;14841
137955566;14841
137956970;14841
137958169;14841
137958695;14840
137960849;14841
137963138;14841
137968848;14841
137979274;14841
137981452;14841
137981821;14841
137982344;14841
137995068;14841
137999107;14840
138000213;14840
138005841;14841
138008135;14841
138026485;14841
138029438;14841
138031230;14841
138033275;14841
138046148;14840
138047035;14840
138049182;14840
138053215;14841
138064494;14841
138081038;14841
138086719;14841
138088603;14841
138089304;14841
138089880;14841
138091641;14841
138110700;14841
138114238;14841
138123879;14841
138127810;14841
138133213;14841
138135715;14841
138143053;14841
138143453;14841
138161549;14841
138165384;14841
138165686;14841
138167143;14841
138181547;14840
138201515;14841
138212341;14841
138217467;14841
138234465;14841
138235150;14841
138240796;14841
138240955;14841
138245140;14841
138254237;14841
138257670;14841
138274997;14841
138278688;14841
138279295;14841
138281620;14841
138282783;14841
138292637;14840
138306524;14841
138315554;14841
138320778;14841
138321339;14841
138322544;14841
138328334;14841
138329984;14841
138333146;14841
138333323;14841
138388348;14841
138389163;14840
138392676;14841
138401062;14840
138406987;14841
138410860;14841
138411889;14841
138412443;14840
138429025;14841
138432376;14841
138437964;14840
138441745;14841
138446957;14841
138452158;14841
138452587;14841
138470801;14840
138471068;14840
138478504;14841
138478696;14841
138480009;14840
138480515;14840
138484308;14841
138501116;14841
138503770;14841
138506625;14840
138507459;14841
138513710;14841
138524384;14840
138524900;14841
138526714;14841
138527683;14840
138528365;14841
138544454;14841
138545761;14841
138549814;14841
138567244;14841
138575671;14841
138585139;14840
138585954;14840
138588773;14841
138590977;14840
138602111;14841
138617091;14841
138617526;14841
138661711;14841
138669873;14840
138676107;14841
138692110;14841
138701965;14841
138702599;14841
138710332;14841
138710493;14841
138731725;14841
138760974;14841
138773552;14841
138779526;14841
138781381;14841
138783885;14841
138789392;14841
138789617;14841
138800282;14841
138816076;14841
138827683;14841
138829243;14840
138834683;14841
138839614;14841
138846725;14840
138889191;14840
138900176;14841
138904855;14841
138911912;14841
138912184;14841
138934462;14841
138941355;14841
138947755;14840
138970731;14841
138991178;14841
138996762;14841
139020423;14841
139022689;14841
139029440;14841
139030180;14841
139030952;14841
139031380;14841
139036411;14841
139045316;14841
139056525;14841
139080357;14841
139081473;14841
139085354;14841
139089965;14841
139093135;14841
139093637;14841
139110028;14841
139117844;14841
139155897;14841
139161947;14841
139167241;14840
139168831;14841
139169450;14841
139200062;14841
139203625;14841
139204525;14841
139230113;14840
139234406;14840
139238817;14841
139241632;14841
139242168;14841
139248103;14840
139261337;14841
139263009;14841
139270872;14841
139277062;14841
139283960;14840
139284112;14841
139328849;14841
139330075;14840
139348670;14841
139350519;14841
139361294;14841
139362224;14841
139386736;14841
139411565;14841
139414799;14841
139414866;14841
139415662;14841
139440516;14841
139445402;14841
139449448;14840
139456018;14841
139458639;14840
139469752;14841
139471220;14841
139478427;14841
139483499;14841
139494064;14841
139509304;14841
139515657;14841
139527825;14841
139528716;14840
139529144;14840
139535660;14840
139546136;14841
139565672;14841
139572554;14841
139577584;14841
139580207;14841
139584679;14841
139594184;14841
139622032;14841
139641826;14841
139656380;14841
139656651;14841
139659380;14841
139661384;14841
139665728;14841
139665794;14841
139665885;14841
139665996;14841
139694030;14841
139711120;14841
139749488;14841
139753572;14841
139810640;14840
139816174;14841
139834924;14841
139835654;14841
139967773;14841
139977032;14841
139984458;14841
139986142;14840
140073384;14841
140144695;14841
140265920;14841
140284037;14841
140284426;14841
140315482;14841
140350846;14841
140518346;14841
140672350;14841
140700575;14841
140724117;14840
140766301;14841
140886020;14841
140897758;14841
140919400;14841
141045597;14841
141063559;14841
141085278;14841
141095152;14841
