idServicio;idEmpresa;nombre;importe;esbono;numcitas;estado;idTipoServicio;color;duracion;odontograma;idImport;descripcion;precioc;preciop;iva;descuento;reten;margenCaducidad;idMutua;online;despiezado;fases;equivalencia;idFranquicia;categoria;disponibleCita;doctoralia;seoga_id;base;precio;agrupable
3151227;24878;"Primera Visita";50;0;1;1;294925;18;30;-1;0;;0;50;0;0;0;0;0;0;0;0;3146298;0;0;1;0;0;50;50;2
3151228;24878;"Extracción Simple";60;0;1;1;294919;2;30;3;0;;0;60;0;0;0;0;0;0;0;0;3146299;0;0;1;0;0;60;60;0
3174481;24878;OPG;40;0;1;1;294925;18;15;-1;0;;0;40;0;0;0;0;0;0;0;0;3166334;0;0;1;0;0;40;40;2
3174482;24878;"Estudio Implantologico";100;0;1;1;294919;2;30;-1;0;;0;100;0;0;0;0;0;0;0;0;3166335;0;0;1;0;0;100;100;2
3174483;24878;CBCT;80;0;1;1;294925;18;15;-1;0;;0;80;0;0;0;0;0;0;0;0;3166336;0;0;1;0;0;80;80;2
3174484;24878;"Obturacion CLASE I";60;0;1;1;294921;20;45;-1;0;;0;60;0;0;0;0;0;0;0;0;3166338;0;0;1;0;0;60;60;0
3174485;24878;"Obturacion CLASE II (OM o OD)";80;0;1;1;294921;20;40;-1;0;;0;80;0;0;0;0;0;0;0;0;3166339;0;0;1;0;0;80;80;0
3174486;24878;"Obturacion CLASE II (MOD)";100;0;1;1;294921;20;40;-1;0;;0;100;0;0;0;0;0;0;0;0;3166340;0;0;1;0;0;100;100;0
3174488;24878;"Obturacion CLASE III";100;0;1;1;294921;20;45;-1;0;;0;100;0;0;0;0;0;0;0;0;3166341;0;0;1;0;0;100;100;0
3174490;24878;"Obturacion CLASE IV";150;0;1;1;294921;20;60;-1;0;;0;150;0;0;0;0;0;0;0;0;3166343;0;0;1;0;0;150;150;0
3174491;24878;"Obturacion CLASE V";80;0;1;1;294921;20;30;-1;0;;0;80;0;0;0;0;0;0;0;0;3166344;0;0;1;0;0;80;80;0
3174492;24878;"Raspado y alisado radicular";100;0;1;1;294922;12;30;-1;0;;0;100;0;0;0;0;0;0;0;0;3166345;0;0;1;0;0;100;100;3
3174494;24878;Tartrectomia;60;0;1;1;294925;18;30;-1;0;;0;60;0;0;0;0;0;0;0;0;3166347;0;0;1;0;0;60;60;2
3174495;24878;Mantenemiento;95;0;1;1;294925;18;45;-1;0;;0;95;0;0;0;0;0;0;0;0;3166348;0;0;1;0;0;95;95;2
3174496;24878;"Reconstruccion sin poste";80;0;1;1;294921;20;40;-1;0;;0;80;0;0;0;0;0;0;0;0;3166349;0;0;1;0;0;80;80;0
3174497;24878;"Reconstruccion con poste";120;0;1;1;294921;20;60;-1;0;;0;120;0;0;0;0;0;0;0;0;3166350;0;0;1;0;0;120;120;0
3174501;24878;"Extraccion compleja";100;0;1;1;294919;2;40;-1;0;;0;100;0;0;0;0;0;0;0;0;3166352;0;0;1;0;0;100;100;0
3174507;24878;"Carilla de composite";200;0;1;1;296886;21;60;-1;0;;0;200;0;0;0;0;0;0;0;0;3166359;0;0;1;0;0;200;200;0
3174508;24878;"Carilla de disilicato o feldespato ";400;0;1;1;296887;10;60;-1;0;;0;400;0;0;0;0;0;0;0;0;3166360;0;0;1;0;0;400;400;0
3174509;24878;"Incrusta (Inlay, Onlay, Overlay, Xlay)";350;0;1;1;296887;10;30;-1;0;;0;350;0;0;0;0;0;0;0;0;3166361;0;0;1;0;0;350;350;0
3174510;24878;"Corona S/Diente (Zirconia o Metal-Ceramica)";450;0;1;1;296887;10;40;-1;0;;0;450;0;0;0;0;0;0;0;0;3166362;0;0;1;0;0;450;450;0
3174512;24878;"Corona S/Implante";700;0;1;1;296887;10;30;-1;0;;0;700;0;0;0;0;0;0;0;0;3166364;0;0;1;0;0;700;700;0
3174513;24878;"Provisional S/Diente";80;0;1;1;296887;10;30;-1;0;;0;80;0;0;0;0;0;0;0;0;3166365;0;0;1;0;0;80;80;0
3174514;24878;"Provisional S/Implante";150;0;1;1;296887;10;30;-1;0;;0;150;0;0;0;0;0;0;0;0;3166366;0;0;1;0;0;150;150;0
3174515;24878;"Extraccion Cordal Quirurgica ";250;0;1;1;294919;2;60;-1;0;;0;250;0;0;0;0;0;0;0;0;3166367;0;0;1;0;0;250;250;0
3174517;24878;"Endodoncia Monoradicular";180;0;1;1;294920;24;40;-1;0;;0;180;0;0;0;0;0;0;0;0;3166369;0;0;1;0;0;180;180;0
3174518;24878;"Endodoncia Biradicular";220;0;1;1;294920;24;60;-1;0;;0;220;0;0;0;0;0;0;0;0;3166370;0;0;1;0;0;220;220;0
3174520;24878;"Endodoncia Multiradicular";260;0;1;1;294920;24;90;-1;0;;0;260;0;0;0;0;0;0;0;0;3166372;0;0;1;0;0;260;260;0
3174521;24878;"ReEndodoncia Monoradicular";180;0;1;1;294920;24;60;-1;0;;0;180;0;0;0;0;0;0;0;0;3166373;0;0;1;0;0;180;180;0
3174522;24878;"ReEndodoncia Biradicular";240;0;1;1;294920;24;90;-1;0;;0;240;0;0;0;0;0;0;0;0;3166374;0;0;1;0;0;240;240;0
3174523;24878;"ReEndodoncia Multiradicular";310;0;1;1;294920;24;120;-1;0;;0;310;0;0;0;0;0;0;0;0;3166375;0;0;1;0;0;310;310;0
3174554;24878;"Protesis Completa Removible";750;0;1;1;296887;10;30;-1;0;;0;750;0;0;0;0;0;0;0;0;3166402;0;0;1;0;0;750;750;4
3174603;24878;"Implante Straumann®";700;0;1;1;294919;2;45;-1;0;;0;700;0;0;0;0;0;0;0;0;3166447;0;0;1;0;0;700;700;0
3202612;24878;"Blanqueamiento Domiciliario";350;0;1;1;296886;21;30;-1;0;;0;350;0;0;0;0;0;0;0;0;3189970;0;0;1;0;0;350;350;2
3202613;24878;"Blanqueamiento en Clinica";450;0;1;1;296886;21;75;-1;0;;0;450;0;0;0;0;0;0;0;0;3189971;0;0;1;0;0;450;450;2
3202615;24878;"Mantenimiento Blanqueamiento ";50;0;1;1;296886;21;15;-1;0;"1 Jeringa";0;50;0;0;0;0;0;0;0;0;3189973;0;0;1;0;0;50;50;0
3202616;24878;"Blanqueamiento Interno";150;0;1;1;296886;21;45;-1;0;"Por dientes endodonciados";0;150;0;0;0;0;0;0;0;0;3189974;0;0;1;0;0;150;150;0
3202639;24878;Mantenimiento;95;0;1;1;294922;12;45;-1;0;"Seguir protocolo";0;95;0;0;0;0;0;0;0;0;3189997;0;0;1;0;0;95;95;0
3202640;24878;"Ferula de descarga";250;0;1;1;294925;18;30;-1;0;;0;250;0;0;0;0;0;0;0;0;3189998;0;0;1;0;0;250;250;2
3226082;24878;Revision;0;0;1;1;294925;18;30;-1;0;;0;0;0;0;0;0;0;0;0;0;3208731;0;0;1;0;0;0;0;0
3226920;24878;"Re-Cementacion de Corona";40;0;1;1;294925;18;30;-1;0;"Si es menos de 1 año de colocación seria gratis";0;40;0;0;0;0;0;0;0;0;3209329;0;0;1;0;0;40;40;0
3226951;24878;"Ajuste de prótesis ";200;0;1;1;296887;10;30;-1;0;"Pulido y rebase blando";0;200;0;0;0;0;0;0;0;0;3209359;0;0;1;0;0;200;200;4
3227006;24878;"Deflex de 1 a 3 PIEZAS";700;0;1;1;296887;10;30;-1;0;;0;700;0;0;0;0;0;0;0;0;3209410;0;0;1;0;0;700;700;0
3227007;24878;"Deflex de 4 a 6 PIEZAS";900;0;1;1;296887;10;30;-1;0;;0;900;0;0;0;0;0;0;0;0;3209411;0;0;1;0;0;900;900;0
3227008;24878;"Deflex mas de 6 PIEZAS";1300;0;1;1;296887;10;30;-1;0;;0;1300;0;0;0;0;0;0;0;0;3209412;0;0;1;0;0;1300;1300;0
3227009;24878;"Esqueletico de 1 a 3 PIEZAS";500;0;1;1;296887;10;30;-1;0;;0;500;0;0;0;0;0;0;0;0;3209413;0;0;1;0;0;500;500;0
3227010;24878;"Esqueletico de 4 a 6 PIEZAS";750;0;1;1;296887;10;30;-1;0;;0;750;0;0;0;0;0;0;0;0;3209414;0;0;1;0;0;750;750;0
3227011;24878;"Esqueletico mas de 6 PIEZAS";1000;0;1;1;296887;10;30;-1;0;;0;1000;0;0;0;0;0;0;0;0;3209415;0;0;1;0;0;1000;1000;0
3227923;24878;PV+OPG;45;0;1;1;294924;32;45;-1;0;;0;45;0;0;0;0;0;0;0;0;3210182;0;0;1;0;0;45;45;0
3228692;24878;"ESTUDIO ORTODONTICO";150;0;1;1;294924;32;45;-1;0;;0;150;0;0;0;0;0;0;0;0;3210742;0;0;1;0;0;150;150;0
3228703;24878;"Sellador de fosas y fisuras";60;0;1;1;294923;7;45;-1;0;;0;60;0;0;0;0;0;0;0;0;3210753;0;0;1;0;0;60;60;0
3229401;24878;"Tapar Chimenea";25;0;1;1;296887;10;15;-1;0;;0;25;0;0;0;0;0;0;0;0;3211328;0;0;1;0;0;25;25;0
3229402;24878;"Periodontograma + Seriada";60;0;1;1;294922;12;30;-1;0;;0;60;0;0;0;0;0;0;0;0;3211329;0;0;1;0;0;60;60;0
3229543;24878;Fluorizacion;50;0;1;1;294923;7;15;-1;0;;0;50;0;0;0;0;0;0;0;0;3211422;0;0;1;0;0;50;50;2
3230242;24878;"SOBREDENTADURA HIBRIDA";2800;0;1;1;296887;10;45;-1;0;;0;2800;0;0;0;0;0;0;0;0;3211781;0;0;1;0;0;2800;2800;0
3230243;24878;"SOBREDENTADURA CON 2 LOCATORS";1800;0;1;1;296887;10;45;-1;0;;0;1800;0;0;0;0;0;0;0;0;3211782;0;0;1;0;0;1800;1800;4
3231503;24878;"Injerto de tejido conectivo (1 a 3 piezas)";450;0;1;1;294922;12;90;-1;0;;0;450;0;0;0;0;0;0;0;0;3212734;0;0;1;0;0;450;450;0
3231506;24878;"Injerto de tejido conectivo (>3 piezas)";600;0;1;1;294922;12;45;-1;0;;0;600;0;0;0;0;0;0;0;0;3212737;0;0;1;0;0;600;600;1
3231531;24878;"Injerto libre (para implantes)";360;0;1;1;294922;12;90;-1;0;;0;360;0;0;0;0;0;0;0;0;3212756;0;0;1;0;0;360;360;0
3235409;24878;ADITAMIENTO;60;0;1;1;296887;10;15;-1;0;;0;60;0;0;0;0;0;0;0;0;3215910;0;0;1;0;0;60;60;0
3236023;24878;Locators;120;0;1;1;296887;10;15;-1;0;;0;120;0;0;0;0;0;0;0;0;3216395;0;0;1;0;0;120;120;0
3236961;24878;Pulpotomia;80;0;1;1;294923;7;45;-1;0;;0;80;0;0;0;0;0;0;0;0;3216958;0;0;1;0;0;80;80;0
3236962;24878;Pulpectomia;110;0;1;1;294923;7;45;-1;0;;0;110;0;0;0;0;0;0;0;0;3216959;0;0;1;0;0;110;110;0
3236963;24878;"Profilaxis con fluor para Niños";80;0;1;1;294923;7;45;-1;0;;0;80;0;0;0;0;0;0;0;0;3216960;0;0;1;0;0;80;80;0
3246358;24878;"Gingivoplastia ";450;0;1;1;294922;12;30;-1;0;;0;450;0;0;0;0;0;0;0;0;3224017;0;0;1;0;0;450;450;0
3246366;24878;"Alargamiento de Corona (por cuadrante)";450;0;1;1;294922;12;90;-1;0;;0;450;0;0;0;0;0;0;0;0;3224025;0;0;1;0;0;450;450;0
3254686;24878;"Ortodoncia Invisible (hasta 6 aliñadores)";1200;0;1;1;294924;32;30;-1;0;;0;1200;0;0;0;0;0;0;0;0;3231138;0;0;1;0;0;1200;1200;2
3254687;24878;"Ortodoncia Invisible (de 7 a 14 aliñadores)";2000;0;1;1;294924;32;30;-1;0;;0;2000;0;0;0;0;0;0;0;0;3231139;0;0;1;0;0;2000;2000;2
3254689;24878;"Ortodoncia Invisible (de 15 a 28 aliñadores)";2500;0;1;1;294924;32;30;-1;0;;0;2500;0;0;0;0;0;0;0;0;3231141;0;0;1;0;0;2500;2500;0
3254691;24878;"Ortodoncia Invisible (de 29 a 42 aliñadores)";3250;0;1;1;294924;32;45;-1;0;;0;3250;0;0;0;0;0;0;0;0;3231143;0;0;1;0;0;3250;3250;0
3254693;24878;"Ortodoncia Invisible (de 43 a 56 aliñadores)";4000;0;1;1;294924;32;30;-1;0;;0;4000;0;0;0;0;0;0;0;0;3231145;0;0;1;0;0;4000;4000;2
3254698;24878;"Retención ortodontica";150;0;1;1;294924;32;30;-1;0;;0;150;0;0;0;0;0;0;0;0;3231150;0;0;1;0;0;150;150;0
3254713;24878;"Tratamiento de Ortodoncia (12 meses)";2100;0;1;1;294924;32;30;-1;0;;0;2100;0;0;0;0;0;0;0;0;3231165;0;0;1;0;0;2100;2100;2
3317101;24878;Bio-Oss;180;0;1;1;294919;0;45;-1;0;;0;180;0;0;0;0;0;0;0;0;3284856;0;0;1;0;0;180;180;0
3317102;24878;"Membrana de colageno";180;0;1;1;294919;0;45;-1;0;;0;180;0;0;0;0;0;0;0;0;3284857;0;0;1;0;0;180;180;0
3318157;24878;"Preservación alveolar";400;0;1;1;294922;12;45;-1;0;;0;400;0;0;0;0;0;0;0;0;3285829;0;0;1;0;0;400;400;0
3320645;24878;"Quitar ataches de alineadores ";200;0;1;1;294924;32;45;-1;0;;0;200;0;0;0;0;0;0;0;0;3288012;0;0;1;0;0;200;200;2
3327828;24878;"Extracción Cordal NO Quirúrgica ";150;0;1;1;294919;0;45;-1;0;;0;150;0;0;0;0;0;0;0;0;3294485;0;0;1;0;0;150;150;0
3329160;24878;"Mensualidad Tratamiento de Ortodoncia";100;0;1;1;294924;32;30;-1;0;;0;100;0;0;0;0;0;0;0;0;3295654;0;0;1;0;0;100;100;0
3329162;24878;"Microtornillos Ortodoncia";120;0;1;1;294924;32;15;-1;0;;0;120;0;0;0;0;0;0;0;0;3295656;0;0;1;0;0;120;120;0
3329163;24878;"Colocación de Brackets (Por Arcada) ";450;0;1;1;294924;32;60;-1;0;;0;450;0;0;0;0;0;0;0;0;3295657;0;0;1;0;0;450;450;0
3333334;24878;"SOBREDENTADURA CON 4 LOCATORS";2200;0;1;1;296887;10;45;-1;0;;0;2200;0;0;0;0;0;0;0;0;3299093;0;0;1;0;0;2200;2200;0
3333335;24878;"FULL ARCH ZIRCONIA MONOLITICA (6 Implantes) + Provisional";8000;0;1;1;296887;10;45;-1;0;;0;8000;0;0;0;0;0;0;0;0;3299094;0;0;1;0;0;8000;8000;0
3334376;24878;EXPLANTACION;120;0;1;1;294919;0;30;-1;0;;0;120;0;0;0;0;0;0;0;0;3299885;0;0;1;0;0;120;120;0
3337908;24878;"Colgajo Exploratorio";150;0;1;1;294925;18;45;-1;0;;0;150;0;0;0;0;0;0;0;0;3303042;0;0;1;0;0;150;150;0
3337909;24878;"Ferulización 2-3 piezas (por motivos periodontales) ";60;0;1;1;294922;12;45;-1;0;;0;60;0;0;0;0;0;0;0;0;3303043;0;0;1;0;0;60;60;0
3342528;24878;"Cirugia Resectiva (por Cuadrante)";400;0;1;1;294922;12;75;-1;0;;0;400;0;0;0;0;0;0;0;0;3306490;0;0;1;0;0;400;400;0
3342597;24878;"Recubrimiento pulpar (Biodentine)";80;0;1;1;294921;20;30;-1;0;;0;80;0;0;0;0;0;0;0;0;3306538;0;0;1;0;0;80;80;0
3351398;24878;Explantacion;100;0;1;1;294919;0;45;-1;0;;0;100;0;0;0;0;0;0;0;0;3312933;0;0;1;0;0;100;100;0
3351399;24878;"Elevación de seno";200;0;1;1;294919;0;45;-1;0;;0;200;0;0;0;0;0;0;0;0;3312934;0;0;1;0;0;200;200;0
3352906;24878;"Disyuntor HYRAX";400;0;1;1;294924;32;45;-1;0;;0;400;0;0;0;0;0;0;0;0;3314087;0;0;1;0;0;400;400;0
3352907;24878;"Placa de Expansion (inferior)";250;0;1;1;294924;32;45;-1;0;;0;250;0;0;0;0;0;0;0;0;3314088;0;0;1;0;0;250;250;0
3354366;24878;"Tratamiento ortodóntico interceptivo parcial (2x4)";120;0;1;1;294924;32;45;-1;0;;0;120;0;0;0;0;0;0;0;0;3314830;0;0;1;0;0;120;120;0
3357799;24878;"Compostura de 1 Pieza";50;0;1;1;296887;10;45;-1;0;;0;50;0;0;0;0;0;0;0;0;3317204;0;0;1;0;0;50;50;0
3360055;24878;"Alargamiento de Corona (por diente)";200;0;1;1;294922;12;45;-1;0;;0;200;0;0;0;0;0;0;0;0;3319123;0;0;1;0;0;200;200;0
3360056;24878;"Retenedor Hawley";240;0;1;1;294924;32;45;-1;0;;0;240;0;0;0;0;0;0;0;0;3319124;0;0;1;0;0;240;240;0
3360120;24878;"Twin Block";500;0;1;1;294924;32;45;-1;0;;0;500;0;0;0;0;0;0;0;0;3319189;0;0;1;0;0;500;500;0
3360121;24878;KID1;1400;0;1;1;294924;32;45;-1;0;;0;1400;0;0;0;0;0;0;0;0;3319190;0;0;1;0;0;1400;1400;0
3368839;24878;"Mensualidad Alineadores";140;0;1;1;294924;32;30;-1;0;;0;140;0;0;0;0;0;0;0;0;3325449;0;0;1;0;0;140;140;2
3368840;24878;"Colocación de Alineadores";1400;0;1;1;294924;32;45;-1;0;;0;1400;0;0;0;0;0;0;0;0;3325450;0;0;1;0;0;1400;1400;0
3370922;24878;"Añadir atache Teflon ";160;0;1;1;296887;10;15;-1;0;;0;160;0;0;0;0;0;0;0;0;3327357;0;0;1;0;0;160;160;0
3400596;24878;Mockup;60;0;1;1;296887;10;45;-1;0;;0;60;0;0;0;0;0;0;0;0;3344284;0;0;1;0;0;60;60;0
3401495;24878;"Protesis Provisional Removible Parcial de Resina";650;0;1;1;296887;10;30;-1;0;;0;650;0;0;0;0;0;0;0;0;3345138;0;0;1;0;0;650;650;0
3423631;24878;"Fenestracion canino incluido";350;0;1;1;294919;0;45;-1;0;;0;350;0;0;0;0;0;0;0;0;3357767;0;0;1;0;0;350;350;0
3428920;24878;"Acceso quirúrgico al seno maxilar vía intraoral";1200;0;1;1;294919;0;90;-1;0;;0;1200;0;0;0;0;0;0;0;0;3362129;0;0;1;0;0;1200;1200;0
3440632;24878;"Tratamiento no quirúrgico de la periimplantitis";115;0;1;1;294922;12;45;-1;0;;0;115;0;0;0;0;0;0;0;0;3372563;0;0;1;0;0;115;115;0
3443495;24878;"Extracción canino incluido ";450;0;1;1;294919;0;75;-1;0;;0;450;0;0;0;0;0;0;0;0;3374950;0;0;1;0;0;450;450;0
