idTipoServicio;idEmpresa;nombre;idFranquicia;plantillaFacial;doctoralia;seoga_id;idImport;color;color_servicio;idTipoEspecialidad
294919;24878;"Cirugía Oral y Maxilofacial";0;;0;0;0;2;-1;13
294920;24878;ENDODONCIA;0;;0;0;0;24;-1;0
294921;24878;RESTAURADORA;0;;0;0;0;20;-1;0
294922;24878;PERIODONCIA;0;;0;0;0;12;-1;0
294923;24878;ODP;0;;0;0;0;7;-1;0
294924;24878;ORTODONCIA;0;;0;0;0;32;-1;0
294925;24878;Odontología;0;;0;0;0;18;-2;51
296886;24878;Estetica;0;;0;0;0;21;-2;0
296887;24878;Protesis;0;;0;0;0;10;-1;0
